date,open,close,high,low,volume,total_turnover
2025-07-22,115.7324106687808,118.53695750042472,118.87690257092702,115.7324106687808,30377165.0,3784887029.55
2025-07-23,118.69748711705081,118.22534118579762,119.81175151480832,118.15924075542218,22906716.0,2887980079.32
2025-07-24,118.1781265926723,118.55584333767484,118.75414462880119,117.56433688204316,15601222.0,1955643592.43
2025-07-25,118.55584333767484,116.65781669403705,118.60305793080016,116.5917162636616,18400674.0,2284994445.37
2025-07-28,116.63893085678691,117.14884846254036,117.25272056741606,115.20360722577723,17851106.0,2196293738.38
2025-07-29,116.62004501953679,116.63893085678691,117.0827480321649,115.3924655982785,18515092.0,2276717869.45
2025-07-30,116.67670253128718,117.58322271929329,118.1781265926723,116.41230080978539,22412427.0,2789922636.36
2025-07-31,117.1110767880401,114.40095914264683,117.1866201370406,114.1176715838949,30468735.0,3717607979.08
2025-08-01,114.39151622402176,114.25931536327086,114.84477631802481,113.68329732714197,12322595.0,1491109254.91
2025-08-04,113.9099273741435,114.18377201427036,114.47650249164734,113.73995483889236,8593314.0,1038364797.9
2025-08-05,114.21210077014554,115.15639263265192,115.41135143552863,114.21210077014554,13944554.0,1698256512.41
2025-08-06,115.17527846990204,115.35469392377824,115.67575315703041,114.72201837589898,11968359.0,1460865583.17
2025-08-07,115.32636516790306,115.72296775015573,116.2800999490345,115.15639263265192,11570286.0,1419842885.34
2025-08-08,115.72296775015573,115.41135143552863,116.03458406478283,115.16583555127697,8242559.0,1008572356.44
2025-08-11,115.34525100515319,117.0355334390396,117.4226931026672,115.30747933065294,18266039.0,2257903784.2
2025-08-12,116.99776176453935,116.32731454215981,118.34809912792345,116.15734200690868,21137375.0,2625229653.63
2025-08-13,116.15734200690868,116.32731454215981,116.5917162636616,115.69463899428054,15582285.0,1916294685.52
2025-08-14,116.31787162353476,115.99681239028259,117.89483903392039,115.93071195990713,19906336.0,2461442361.7
2025-08-15,115.71352483153068,116.24232827453423,116.43118664703552,115.1091780395266,19394317.0,2376497642.36
2025-08-18,116.24232827453423,116.85611798516338,117.71542358004417,115.96848363440739,25530142.0,3163846038.28
2025-08-19,116.8750038224135,117.47935061441758,118.74470171017612,116.8750038224135,32724162.0,4087820977.62
2025-08-20,117.48879353304265,118.77303046605131,119.4529206070559,116.47840124016082,40431044.0,5083056590.98
2025-08-21,118.79191630330143,118.46141415142421,119.10353261792854,117.90428195254545,23189477.0,2908492490.98
2025-08-22,118.46141415142421,118.78247338467638,118.81080214055156,117.98926822017103,20484997.0,2567683361.09
2025-08-25,119.15074721105387,122.69184169545277,122.84292839345378,119.15074721105387,47980003.0,6165955080.5
2025-08-26,122.69184169545277,122.51242624157655,124.50488207146498,121.4831481114446,34979445.0,4552425052.89
2025-08-27,122.28579619457501,119.56623563055668,122.28579619457501,119.54734979330654,34684706.0,4441325743.63
2025-08-28,119.5567927119316,118.48029998867433,120.11392491081037,117.09219095078997,34583488.0,4340085829.48
2025-08-29,119.15074721105387,122.3141249504502,122.56908375332694,119.09408969930348,43525090.0,5610236643.19
2025-09-01,122.7579421258282,121.690892321196,122.85237131207883,120.4160983068124,31694195.0,4074402940.83
2025-09-02,121.25651806444307,121.39816184381903,123.81554901183534,120.97323050569118,34916169.0,4522779364.71
2025-09-03,121.81365026332183,119.56623563055668,124.17437991958775,119.3490485021802,30286319.0,3883434402.01
2025-09-04,119.26406223455463,118.5180716631746,119.4529206070559,117.78152401041963,26187312.0,3286629624.84
2025-09-05,118.4141995582989,119.74565108443288,119.9439523755592,117.84762444079507,20173355.0,2537085184.54
2025-09-08,119.64177897955717,121.8986365309474,121.95529404269779,119.22629056005438,30536352.0,3923785754.0
2025-09-09,121.88919361232234,121.62479189082056,122.17248117107424,120.47275581856277,18440608.0,2368186108.24
2025-09-10,121.62479189082056,120.92601591256584,122.26691035732487,120.54829916756329,19964491.0,2565580225.42
2025-09-11,120.32166912056176,121.36039016931878,121.37927600656889,119.73620816580781,22997326.0,2932816233.12
2025-09-12,121.34150433206864,120.1044819921853,122.44632581120108,120.03838156180986,26270390.0,3359522973.5
2025-09-15,119.54734979330654,119.59456438643186,120.01949572455972,119.02798926892804,16656948.0,2109473460.31
2025-09-16,119.59456438643186,118.79191630330143,119.78342275893313,118.4141995582989,19108652.0,2405374663.48
2025-09-17,118.8013592219265,118.94300300130246,119.29239099042982,117.8665102780452,18133640.0,2276167359.8
2025-09-18,118.9335600826774,117.0355334390396,118.94300300130246,116.64837377541198,27547752.0,3434002462.59
2025-09-19,117.02609052041454,117.16773429979048,117.65876606829379,115.95904071578232,19668801.0,2431126955.62
2025-09-22,116.71447420578743,115.67575315703041,116.80890339203806,115.37357976102838,19643327.0,2412049778.93
2025-09-23,115.2130501444023,115.38302267965344,116.39341497253527,114.78811880627443,17207909.0,2101237748.88
2025-09-24,115.38302267965344,115.5529952149046,116.00625530890764,115.01474885327596,13056429.0,1597546878.68
2025-09-25,115.58132397077979,114.75034713177418,115.82683985503144,114.74090421314912,19455497.0,2371492766.58
2025-09-26,114.75034713177418,113.47555311739058,114.89199091115013,113.33390933801462,26192542.0,3154953964.4
2025-09-29,113.56053938501616,115.12806387677672,115.74185358740586,113.11672220963816,25635752.0,3105049103.74
2025-09-30,114.67480378277367,114.71257545727393,115.04307760915115,114.13655742114504,15457057.0,1875945187.3
2025-10-09,114.67480378277367,114.41040206127188,114.67480378277367,113.21115139588879,20375652.0,2455273213.22
2025-10-10,114.39151622402176,114.00435656039414,115.31692224927801,113.92881321139363,17535995.0,2126979085.42
2025-10-13,112.98452134888727,113.17337972138853,113.69274024576704,112.59736168525964,19583470.0,2345294275.78
2025-10-14,113.85326986239312,115.26970765615268,115.74185358740586,113.33390933801462,29165582.0,3543893434.16
2025-10-15,114.58037459652303,115.26970765615268,115.81739693640638,114.31597287502125,19459557.0,2371853782.76
2025-10-16,114.96753426015064,115.90238320403195,115.911826122657,114.73146129452405,19847810.0,2427170002.37
2025-10-17,115.20360722577723,114.3254157936463,116.11012741378335,114.31597287502125,18040798.0,2197211376.19
2025-10-20,114.58981751514808,113.74939775751741,114.77867588764936,113.40945268701512,13164496.0,1589202775.08
2025-10-21,114.05157115351946,113.8060552692678,114.73146129452405,113.64552565264171,14729356.0,1780274210.51
2025-10-22,113.3150235007645,113.40945268701512,114.04212823489439,113.22059431451386,12782668.0,1536553799.65
2025-10-23,113.3150235007645,114.57093167789796,114.68424670139873,113.27725182626423,15571808.0,1879432996.48
2025-10-24,114.23098660739566,113.58886814089135,114.52371708477264,113.40945268701512,17432200.0,2099912710.83
2025-10-27,113.3622380938898,113.58886814089135,113.834384025143,113.20170847726372,14394337.0,1729967256.59
2025-10-28,113.58886814089135,113.40945268701512,113.96658488589388,113.32446641938957,14019459.0,1686492047.71
2025-10-29,113.1828226400136,112.21020202163204,113.26780890763918,111.62474106687809,24508270.0,2910549079.75
2025-10-30,111.43588269437682,111.87025695112975,112.89009216263662,111.42643977575175,20432985.0,2423170733.86
2025-10-31,108.97128093323519,112.36128871963305,112.9750784302622,108.97128093323519,42107702.0,4986642236.88
2025-11-03,111.89858570700494,112.351845801008,112.93730675576194,110.95429384449857,22327034.0,2646147017.83
2025-11-04,112.16298742850672,110.6332346112464,112.36128871963305,110.49159083187045,17273363.0,2034069113.26
2025-11-05,109.86835820261624,109.70782858599016,110.48214791324538,109.53785605073901,16463035.0,1915561293.49
2025-11-06,110.01944490061726,109.69838566736509,110.76543547199729,109.5945135624894,15467307.0,1803321901.63
2025-11-07,109.69838566736509,110.24607494761878,110.47270499462032,109.49064145761369,14543557.0,1694831993.2
2025-11-10,110.24607494761878,114.07045699076959,114.80700464352455,110.04777365649245,42906459.0,5132402568.96
2025-11-11,113.55109646639109,114.05157115351946,114.23098660739566,112.5595900107594,22926794.0,2754670109.74
2025-11-12,114.06101407214453,113.6738544085169,115.67575315703041,113.64552565264171,22254439.0,2700551156.56
2025-11-13,113.3150235007645,114.44817373577214,114.51427416614757,112.96563551163713,16002293.0,1928439961.07
2025-11-14,113.95714196726883,113.51332479189082,115.19416430715216,113.4944389546407,13924365.0,1683294872.05
2025-11-17,113.33390933801462,113.45666728014045,113.81549818789287,112.38017455688319,11738778.0,1406740311.9
2025-11-18,113.3150235007645,113.65496857126678,114.96753426015064,113.08839345376296,14766867.0,1784778981.66
2025-11-19,113.61719689676653,113.21115139588879,113.77772651339261,113.03173594201259,9514962.0,1142098879.05
2025-11-20,113.20170847726372,113.55109646639109,114.86366215527494,112.93730675576194,15825845.0,1909518433.06
2025-11-21,113.41889560564019,113.01285010476246,114.64647502689847,112.75789130188573,20507164.0,2468277643.79
2025-11-24,113.07895053513789,111.91747154425506,113.74939775751741,111.89858570700494,17301096.0,2066246185.87
2025-11-25,111.91747154425506,111.90802862563001,112.28574537063254,111.26591015912567,14660888.0,1735233690.37
2025-11-26,111.91747154425506,111.6719556600034,112.64457627838497,111.42643977575175,9169759.0,1085069921.14
2025-11-27,111.70972733450365,111.36978226400136,111.88914278837987,111.14315221699984,9215651.0,1087246956.09
2025-11-28,111.33201058950112,111.28479599637579,111.36978226400136,110.8126500651226,8029619.0,945107391.43
2025-12-01,111.23758140325047,111.09593762387452,112.0119007305057,110.576577099496,12091201.0,1422932700.05
2025-12-02,111.0487230307492,110.07610241236763,111.20925264737528,110.01000198199219,12492841.0,1461213467.33
2025-12-03,110.2177461917436,109.16013930573645,110.52936250637069,109.06571011948583,16587100.0,1923087546.31
2025-12-04,109.16958222436152,108.07420366385414,109.30178308511242,107.76258734922703,16929153.0,1940544885.11
2025-12-05,108.09308950110426,108.55579251373237,108.94295217736,107.8475736168526,11768183.0,1351054927.14
2025-12-08,108.45192040885668,106.95993926609661,108.71632213035846,106.79940964947053,27697874.0,3157374146.68
2025-12-09,106.7049804632199,104.70308171470639,106.78052381222041,104.34425080695397,30431037.0,3390789037.33
2025-12-10,104.34425080695397,105.4018576929611,105.52461563508693,103.40940186307267,17869587.0,1984146057.73
2025-12-11,105.76068860071352,105.6662594144629,106.45002166034318,105.55294439096212,15788422.0,1772255901.76
2025-12-12,106.04397615946543,105.38297185571098,107.36598476697436,105.38297185571098,25702210.0,2889348466.87
2025-12-15,106.04397615946543,106.1856199388414,106.95049634747156,105.80790319383884,21568629.0,2429077630.45
2025-12-16,105.76068860071352,106.7049804632199,106.78996673084548,105.43962936746135,14506767.0,1631458612.14
2025-12-17,106.7049804632199,107.08269720822246,107.41319936009967,105.85511778696416,15314001.0,1732389485.74
2025-12-18,107.08081601449686,106.70397502689848,107.40934405496725,106.60734913264247,12462850.0,1379153249.95
2025-12-19,106.91655199426167,106.80060092115447,107.13879155105046,106.32713403930009,13818718.0,1526045351.12
2025-12-22,106.78127574230328,106.60734913264247,107.06149083564566,106.40443475470488,10846497.0,1197376767.17
2025-12-23,106.41409734413047,106.01793117768088,106.70397502689848,105.6410901900825,11354023.0,1248444947.76
2025-12-24,105.80535421031769,105.5927772429545,105.8923175151481,105.1096477716745,11790469.0,1286401443.89
2025-12-25,105.5927772429545,106.86823904713366,106.96486494138966,105.5154765275497,12570809.0,1385101983.39
2025-12-26,106.38510957585368,106.07590671423449,106.76195056345206,105.74737867376409,11475889.0,1261539559.56
2025-12-29,105.74737867376409,104.41394133303132,105.90198010457368,104.35596579647772,19545251.0,2119598415.75
2025-12-30,104.25933990222173,103.73756007323934,104.34630320705212,103.40903203276893,15847027.0,1700875913.94
2025-12-31,103.57329605300414,102.36547237480416,103.63127158955774,102.04660692375937,20867682.0,2214652657.67
2026-01-05,102.32682201710178,104.25933990222173,104.53955499556412,102.13357022858978,22266864.0,2390973424.47
2026-01-06,104.27866508107293,104.52022981671291,104.77145714177851,103.31240613851294,18623239.0,2006335249.82
2026-01-07,104.52989240613853,103.89216150404893,104.68449383694812,103.77621043094175,12309189.0,1326159416.45
2026-01-08,103.75688525209053,103.29308095966175,103.75688525209053,103.06117881344734,12912133.0,1379204588.92
2026-01-09,103.43801980104574,103.52498310587615,104.88740821488571,103.27375578081055,16074962.0,1727812911.25
2026-01-12,103.53464569530175,104.88740821488571,105.1772858976537,103.51532051645053,23335607.0,2526732763.84
2026-01-13,105.31256214961209,104.35596579647772,105.5348017064009,104.18203918681692,19737379.0,2140822642.57
2026-01-14,104.24001472337052,103.42835721162015,105.1676233082281,103.08050399229856,22560863.0,2430589610.24
2026-01-15,103.09982917114975,102.51041121618816,103.60228382128093,102.44277309020896,16292886.0,1733698629.33
2026-01-16,102.66501264699775,101.61179039960737,102.81961407780736,101.50550191592578,19870993.0,2096582183.89
2026-01-19,101.44752637937218,101.0223724446458,101.82436736697058,100.81945806670821,18229885.0,1908481790.79
2026-01-20,100.9740594975178,101.37022566396739,101.91133067180097,100.7808077090058,17281662.0,1813980704.79
2026-01-21,101.090010570625,99.57298403080583,101.1673112860298,99.52467108367783,26228280.0,2711884886.18
2026-01-22,99.59230920965702,99.29276893746344,100.22037752232102,99.14783009607943,18691474.0,1926511774.17
2026-01-23,99.33141929516583,99.51500849425223,100.2107149328954,99.23479340090984,21455918.0,2214166356.93
2026-01-26,99.48602072597542,98.88694018158824,100.00780055495781,97.65012873511147,31296115.0,3203042467.48
2026-01-27,98.67436321422505,97.61147837740907,98.87727759216264,97.61147837740907,22528720.0,2283721967.52
2026-01-28,97.62114096683467,97.30227551578987,98.41347329973385,97.23463738981067,26676739.0,2696600350.89
2026-01-29,97.30227551578987,107.03250306736886,107.03250306736886,97.10902372727789,98660393.0,10450873885.52
2026-01-30,107.03250306736886,101.45718896879778,107.04216565679447,101.45718896879778,66817118.0,7156298338.79
2026-02-02,101.53448968420258,103.66992194726015,107.02284047794326,101.53448968420258,53197704.0,5754087576.64
2026-02-03,103.46700756932253,103.66025935783453,105.1096477716745,103.00320327689374,33164323.0,3556634123.24
2026-02-04,102.90657738263775,104.8584204466089,105.71839090548728,102.69400041527456,37891682.0,4088740226.48
2026-02-05,104.25933990222173,105.2159362553561,106.81992610000566,104.02743775600733,37284641.0,4071834696.1
2026-02-06,105.22559884478171,103.38970685391774,106.0275937671065,103.20611765483135,27652192.0,2975510011.68
2026-02-09,103.19645506540574,103.73756007323934,104.05642552428412,102.87758961436096,20889162.0,2237802124.03
2026-02-10,103.56363346357854,102.90657738263775,103.56363346357854,102.22053353342018,18504047.0,1967153218.0
2026-02-11,102.72298818355137,102.46209826906016,103.05151622402175,102.27850906997377,11499591.0,1219688887.85
2026-02-12,102.32682201710178,101.090010570625,102.52973639503936,100.8774336032618,18172982.0,1906604083.34
2026-02-13,101.1673112860298,102.48142344791137,103.27375578081055,100.655194046473,24123984.0,2557578441.15
2026-02-24,104.52989240613853,101.61179039960737,105.50581393812409,101.45718896879778,21014361.0,2233159175.11
2026-02-25,101.45718896879778,101.62145298903299,102.52973639503936,101.331575306265,16152900.0,1703140852.63
2026-02-26,101.45718896879778,100.37497895313061,101.77605441984258,100.1044264492138,19232479.0,2004360013.44
2026-02-27,100.37497895313061,100.5392429733658,101.0223724446458,100.37497895313061,11918816.0,1242973438.5
2026-03-02,99.52467108367783,99.73724805104102,101.0706853917738,98.88694018158824,20406363.0,2106133136.07
2026-03-03,99.53433367310343,99.08985455952583,100.85810842441059,98.46178624686186,23059451.0,2370559086.74
2026-03-04,98.55841214111784,97.61147837740907,98.56807473054346,97.35058846291787,18301822.0,1850959672.31
2026-03-05,98.19123374294506,98.02696972270986,98.52942437284105,97.73709203994187,10052078.0,1020367656.2
2026-03-06,97.92068123902827,98.94491571814184,99.03187902297223,97.64046614568586,11291640.0,1150357291.89
2026-03-09,97.90135606017705,98.09460784868905,99.13816750665383,97.85304311304905,17778084.0,1811068890.67
2026-03-10,98.44246106801064,98.60672508824584,98.93525312871624,98.32650999490346,11169430.0,1139370871.52
2026-03-11,98.60672508824584,98.73233875077865,98.89660277101383,98.16224597466827,10780126.0,1099529974.19
2026-03-12,98.55841214111784,98.81930205560904,99.26378116918664,98.17190856409385,11661418.0,1189182247.4
2026-03-13,98.61638767767145,99.47635813654983,100.16240198576742,98.41347329973385,15318710.0,1577733442.95
2026-03-16,99.33141929516583,101.0127098552202,101.75672924099138,99.23479340090984,20304875.0,2119088706.0
2026-03-17,101.0127098552202,101.25427459086019,102.24952130169696,100.4909300262378,17770249.0,1867733131.75
2026-03-18,101.25427459086019,100.22037752232102,101.44752637937218,99.91117466070182,11720905.0,1217253899.66
2026-03-19,99.53433367310343,99.07052938067464,99.92083725012742,99.05120420182344,11437347.0,1176973860.48
2026-03-20,99.07052938067464,98.94491571814184,99.69859769333863,98.46178624686186,10286504.0,1053023021.84
2026-03-23,97.97865677558187,96.84813381278668,98.34583517375465,96.6645446137003,20518979.0,2064661956.26
2026-03-24,97.47620212545067,97.92068123902827,98.03663231213545,96.6645446137003,11750754.0,1184095484.19
2026-03-25,97.93034382845386,98.99322866526984,99.11884232780264,97.47620212545067,10858964.0,1107451812.52
2026-03-26,98.75166392962984,97.86270570247467,99.41838259999624,97.86270570247467,9592448.0,977853749.31
2026-03-27,97.10902372727789,99.18648045378184,99.40872001057062,97.02206042244748,10295755.0,1052956367.65
2026-03-30,98.54874955169224,99.96915019725542,100.39430413198181,98.36516035260586,12490697.0,1286843153.03
2026-03-31,101.45718896879778,99.78556099816902,102.23019612284577,99.78556099816902,17834771.0,1865043694.12
2026-04-01,100.461942257961,100.8677710138362,101.63111557845859,99.90151207127622,12266665.0,1279526789.08
2026-04-02,100.4909300262378,101.45718896879778,101.70841629386338,100.37497895313061,15178337.0,1589237202.13
2026-04-03,101.42820120052099,99.99813796553221,101.42820120052099,99.80488617702022,8308861.0,864181133.42
2026-04-07,99.91117466070182,99.63095956735943,100.39430413198181,98.89660277101383,8154794.0,839975542.86
2026-04-08,100.39430413198181,100.6745192253242,100.6841818147498,100.01746314438343,9774007.0,1016515697.76
2026-04-09,99.89184948185061,99.13816750665383,100.19138975404421,99.04154161239784,9846158.0,1012935759.78
2026-04-10,99.14783009607943,98.62605026709704,99.47635813654983,98.55841214111784,12242404.0,1253630005.44
2026-04-13,98.21055892179626,98.96424089699305,98.99322866526984,97.66945391396267,12263434.0,1247104400.52
2026-04-14,98.96424089699305,99.62129697793382,99.91117466070182,98.44246106801064,12069637.0,1238173621.19
2026-04-15,99.42804518942184,100.05611350208581,100.4812674368122,99.21546822205865,11571256.0,1196292314.27
2026-04-16,100.00780055495781,99.94982501840421,100.4909300262378,99.73724805104102,9016632.0,934168917.94
2026-04-17,98.07528266983786,98.42313588915945,98.79997687675784,97.78540498706987,16743174.0,1704502562.25
2026-04-20,98.38448553145705,97.93034382845386,98.51009919398986,97.64046614568586,11696080.0,1186004538.23
2026-04-21,97.88203088132586,97.76607980821868,98.38448553145705,97.59215319855787,10828096.0,1095969167.47
2026-04-22,97.59215319855787,97.24429997923627,97.66945391396267,97.07037336957548,14438261.0,1452833704.75
2026-04-23,97.24429997923627,97.76607980821868,98.84828982388584,97.16699926383149,17402318.0,1764308584.54
2026-04-24,97.25396256866188,97.85304311304905,98.48111142571305,96.91577193876589,13453338.0,1361341944.74
2026-04-27,97.10902372727789,96.81914604450989,97.13801149555468,96.67420720312589,19104782.0,1913778919.46
2026-04-28,96.70319497140268,96.81914604450989,96.90610934934028,96.5292683617419,12341464.0,1234366126.32
2026-04-29,94.57742529777073,95.02190441134833,95.25380655756273,93.76576778602036,33863533.0,3316572049.36
2026-04-30,94.44214904581233,93.80441814372276,94.64506342374993,93.72711742831795,24820895.0,2413614788.69
2026-05-06,87.71698680559489,89.14705004058366,91.31147007191801,87.0599307246541,87159923.0,7989429629.23
2026-05-07,89.31131406081886,89.47557808105404,90.68340175925401,89.31131406081886,53627788.0,4986385438.04
2026-05-08,89.47557808105404,89.02143637805085,89.66882986956604,88.56729467504766,25964091.0,2396026817.67
2026-05-11,88.92481048379486,88.71223351643167,89.17603780886046,88.28707958170527,26932456.0,2469941064.28
2026-05-12,88.70257092700606,87.5044098382317,88.82818458953886,87.4464343016781,37297423.0,3387693471.87
2026-05-13,87.51407242765728,86.14198472922213,87.76529975272288,85.74581856277253,46720129.0,4173652012.86
2026-05-14,85.81345668875173,85.98738329841252,88.20011627687488,84.81820997791495,50314824.0,4478188840.7
2026-05-15,85.03078694527814,83.93891434018538,85.10808766068294,83.69734960454538,36117869.0,3145651221.47
2026-05-18,83.72633737282217,82.6827777148574,83.72633737282217,82.3252619061102,39363075.0,3374154020.11
2026-05-19,82.90501727164619,82.885692092795,84.30609273835816,82.52817628404779,30494149.0,2630415263.7
2026-05-20,82.3349244955358,82.5861518206014,83.15624459671179,81.68753100402063,30461662.0,2599236030.52
2026-05-21,82.6248021783038,82.47020074749419,84.25777979123016,82.354249674387,32663033.0,2812401965.41
2026-05-22,82.692440304283,81.19473894331503,82.71176548313419,81.19473894331503,26037090.0,2196206565.98
2026-05-25,80.80823536629103,81.30102742699663,82.1223475281726,80.21881741132944,29202467.0,2456799767.19
2026-05-26,80.91452384997262,80.54734545179984,81.73584395114862,80.08354115937105,27730383.0,2315776876.63
2026-05-27,80.19949223247825,81.05946269135663,83.33983379579819,78.94335560715028,60380066.0,5045124428.93
2026-05-28,79.77433829775185,78.74044122921268,80.03522821224306,78.55685203012628,36237862.0,2969342510.0
2026-05-29,78.25731175793268,82.0257216339166,82.7021028937086,78.15102327425109,60110125.0,5028433894.52
2026-06-01,81.11743822791023,80.59565839892784,81.11743822791023,80.03522821224306,27998720.0,2332216891.66
2026-06-02,80.56667063065103,79.91927713913584,81.14642599618703,79.63906204579347,23817861.0,1977315316.38
2026-06-03,79.81298865545425,79.57142391981425,80.17050446420144,78.86605489174548,21154363.0,1737250496.6
2026-06-04,79.57142391981425,78.36360024161428,79.99657785454066,78.36360024161428,20421067.0,1668519853.96
2026-06-05,78.75010381863828,78.34427506276309,79.63906204579347,78.29596211563509,21936442.0,1789684296.8
2026-06-08,78.2766369367839,77.2620650470959,78.93369301772468,76.87556147007193,27525203.0,2207910676.4
2026-06-09,77.20408951054232,76.44074494591993,77.30071540479831,76.21850538913114,21841173.0,1731012016.86
2026-06-10,76.36344423051513,76.46973271419674,77.05915066915831,75.94795288521433,23072564.0,1830058907.75
2026-06-11,76.12187949487515,77.09780102686072,77.28139022594712,75.03000688978237,37819589.0,2978558092.56
2026-06-12,76.71129744983672,77.22341468939352,78.1896736319535,76.53737084017592,35834421.0,2870646294.71
2026-06-15,77.2620650470959,76.94319959605112,77.57126790871511,76.43108235649433,24061117.0,1916505151.87
2026-06-16,76.71129744983672,75.68706297072315,76.81758593351832,75.51313636106235,21756586.0,1708709321.74
2026-06-17,75.65807520244634,74.87540545897276,76.04457877947034,74.64350331275837,22258774.0,1727945965.35
2026-06-18,74.67249108103518,73.2907407931744,74.74979179643996,73.2907407931744,32684306.0,2499475187.41
2026-06-22,72.9525501632784,73.96712205296639,74.82709251184477,72.26650631406083,35627629.0,2704470458.23
2026-06-23,73.5806184759424,72.23751854578403,75.67740038129755,71.86067755818564,46610269.0,3550233244.4
2026-06-24,72.02494157842084,70.82678048964645,72.9042372161504,70.80745531079525,30007758.0,2218704130.12
2026-06-25,70.58521575400646,72.46942069199842,73.12647677293921,70.44027691262247,49143223.0,3656493221.54
2026-06-26,72.37279479774243,70.70116682711365,73.16512713064161,70.66251646941126,32352113.0,2397332872.7
2026-06-29,70.56589057515527,71.50316174943843,72.7592983747664,69.32907912867849,42712167.0,3149108201.35
2026-06-30,71.02003227815845,71.50316174943843,72.39211997659362,69.99579779904487,36265269.0,2662167644.83
2026-07-01,71.37754808690565,72.00561639956962,72.35346961889121,70.13107405100327,38076059.0,2817061597.8
2026-07-02,72.41144515544482,71.02003227815845,72.8945746267248,70.86543084734886,35020556.0,2591988291.98
2026-07-03,71.15530853011684,70.73981718481605,72.18920559865602,70.15039922985446,33825035.0,2488093356.99
2026-07-06,70.44993950204805,71.27125960322405,72.05392934669761,70.18904958755687,34584259.0,2548673274.84
2026-07-07,71.10699558298884,69.30009136040168,71.11665817241445,69.2614410026993,35673127.0,2580655043.23
2026-07-08,69.28076618155049,69.0681892141873,69.83153377880967,68.8169618891217,23207769.0,1663105717.29
2026-07-09,68.60438492175851,68.50775902750252,69.08751439303849,68.1405806293297,24192142.0,1713141688.85
2026-07-10,68.7106734054401,71.20362147724484,71.80270202163203,68.30484464956491,55965462.0,4085872492.79
2026-07-13,70.59487834343206,70.36297619721766,70.97171933103046,69.71558270570249,30602266.0,2224717872.55
2026-07-14,70.06343592502408,70.92340638390246,71.01036968873285,69.93782226249127,28356827.0,2068769750.05
2026-07-15,69.99579779904487,73.8221832115824,73.88982133756159,69.58030645374409,63734909.0,4805702853.56
2026-07-16,73.33,73.9,74.59,72.6,48892065.0,3599045958.67
2026-07-17,74.6,72.76,75.06,72.35,42739876.0,3130971198.3
2026-07-20,72.8,76.24,76.3,72.8,64758611.0,4885488077.78
2026-07-21,76.0,74.38,76.76,74.14,63378265.0,4759421669.21
2026-07-22,73.62,74.75,74.8,73.13,40782282.0,3020174420.13
2026-07-23,74.0,74.84,74.95,73.32,37032085.0,2746776997.16
2026-07-24,74.6,73.57,75.3,73.47,31139902.0,2315849376.76
2026-07-27,73.66,73.9,74.46,73.51,20333141.0,1502725286.2
2026-07-28,73.9,74.8,75.16,73.42,31481451.0,2342923235.54
2026-07-29,74.92,75.17,75.86,74.69,40741683.0,3070589175.91
2026-07-30,75.1,78.56,78.84,75.01,72903867.0,5681290332.12
2026-07-31,76.99,78.0,78.68,76.59,49786045.0,3882961624.94
