price,density
63.69028601360698,5272.431631566141
63.853857168177356,18090.975473223385
64.01742832274773,40466.6091866037
64.18099947731811,78693.16360149719
64.34457063188849,146945.8474490167
64.50814178645886,259229.80109915655
64.67171294102924,434818.6269477426
64.83528409559962,717003.2145745937
64.99885525017,1152428.7256343823
65.16242640474037,1818440.54556221
65.32599755931075,2806218.82330208
65.48956871388114,4245662.692076843
65.65313986845152,6306918.342466945
65.8167110230219,9189463.74025092
65.98028217759227,13146371.044463756
66.14385333216265,18474335.900382724
66.30742448673303,25519279.622541916
66.4709956413034,34661899.067044795
66.63456679587378,46310016.29156245
66.79813795044416,60904790.189383134
66.96170910501453,78897245.59160797
67.12528025958491,100732543.50347762
67.28885141415529,126839883.18598202
67.45242256872567,157609666.25024527
67.61599372329604,193392066.10015777
67.77956487786642,234474971.18047574
67.9431360324368,281070875.42211026
68.10670718700717,333310474.49050164
68.27027834157755,391217357.29202557
68.43384949614793,454682327.847016
68.5974206507183,523452248.37596667
68.76099180528868,597102472.6210164
68.92456295985906,675017388.158038
69.08813411442945,756368374.9963604
69.25170526899983,840113406.8154951
69.4152764235702,925017241.1696024
69.57884757814058,1009685803.2176683
69.74241873271096,1092618087.6006851
69.90598988728134,1172287512.5865376
70.06956104185171,1247230378.3190656
70.23313219642209,1316154377.967467
70.39670335099247,1378014686.5945807
70.56027450556284,1432127028.2928104
70.72384566013322,1478204252.0092437
70.8874168147036,1516391944.4006188
71.05098796927398,1547277322.5027978
71.21455912384435,1571826523.316465
71.37813027841473,1591320187.4376385
71.5417014329851,1607238651.8524754
71.70527258755548,1621162744.9005563
71.86884374212586,1634631791.9650893
72.03241489669624,1649022180.6715045
72.19598605126663,1665430535.0915258
72.359557205837,1684592124.5221734
72.52312836040738,1706824956.637477
72.68669951497776,1732000272.6870267
72.85027066954814,1759567145.1463015
73.01384182411851,1788583584.9632757
73.17741297868889,1817803839.5072832
73.34098413325927,1845778154.921309
73.50455528782965,1870975199.69833
73.66812644240002,1891902610.7147791
73.8316975969704,1907211238.885126
73.99526875154078,1915826999.7130792
74.15883990611115,1916995681.6250515
74.32241106068153,1910353385.326277
74.48598221525191,1895918749.7120316
74.64955336982229,1874075721.1368716
74.81312452439266,1845529613.161133
74.97669567896304,1811203649.0770087
75.14026683353342,1772165390.500153
75.3038379881038,1729515731.4347022
75.46740914267417,1684325939.286003
75.63098029724455,1637543674.2484818
75.79455145181493,1589951644.8007472
75.9581226063853,1542155821.619583
76.12169376095568,1494592094.59755
76.28526491552607,1447548508.9136424
76.44883607009645,1401212437.4067504
76.61240722466682,1355704706.5688434
76.7759783792372,1311128971.4907017
76.93954953380758,1267609665.8885448
77.10312068837796,1225296561.8473265
77.26669184294833,1184382069.2584364
77.43026299751871,1145080217.7534919
77.59383415208909,1107606478.5991096
77.75740530665946,1072154856.4500773
77.92097646122984,1038874849.5262586
78.08454761580022,1007858525.4864018
78.2481187703706,979125167.9944962
78.41168992494097,952616644.7470274
78.57526107951135,928220571.7112455
78.73883223408173,905779873.3603638
78.9024033886521,885105302.546747
79.06597454322248,866001889.3781805
79.22954569779287,848281254.0100908
79.39311685236325,831774419.299517
79.55668800693363,816330896.2966715
79.720259161504,801840617.4779685
79.88383031607438,788222465.1719543
80.04740147064476,775418020.1269711
80.21097262521513,763409081.0446627
80.37454377978551,752194798.9801275
80.53811493435589,741787494.531087
80.70168608892627,732182256.3025813
80.86525724349664,723368854.3522208
81.02882839806702,715302098.7634369
81.1923995526374,707895310.3806355
81.35597070720777,700992012.4735836
81.51954186177815,694366056.2312138
81.68311301634853,687723979.6391251
81.8466841709189,680711069.1275018
82.01025532548928,672937764.3340793
82.17382648005966,663992939.0484934
82.33739763463004,653482412.6207803
82.50096878920041,641068300.7791017
82.66453994377079,626489194.2047541
82.82811109834117,609597471.9821159
82.99168225291154,590375451.5822738
83.15525340748192,568942200.8353227
83.3188245620523,545554377.2316079
83.48239571662269,520587572.0341259
83.64596687119307,494527713.17849475
83.80953802576344,467938843.5174631
83.97310918033382,441432351.15266377
84.1366803349042,415640023.86424583
84.30025148947458,391180885.71715677
84.46382264404495,368623604.9638357
84.62739379861533,348489878.2718559
84.7909649531857,331211310.54710174
84.95453610775608,317128926.4826945
85.11810726232646,306484685.5850739
85.28167841689684,299414933.95505965
85.44524957146722,295960849.8454558
85.60882072603759,296065912.2798027
85.77239188060797,299587220.9507795
85.93596303517836,306296615.5166545
86.09953418974874,315898864.13068324
86.26310534431911,328035977.6446328
86.42667649888949,342299506.1561378
86.59024765345987,358240911.4520955
86.75381880803025,375380020.8921576
86.91738996260062,393214229.2053991
87.080961117171,411237865.9055672
87.24453227174138,428947179.55126417
87.40810342631175,445852872.81230533
87.57167458088213,461483610.6454146
87.73524573545251,475407307.68886673
87.89881689002289,487236453.0161051
88.06238804459326,496630372.6160488
88.22595919916364,503301127.4491156
88.38953035373402,507029661.2387737
88.5531015083044,507648471.44787586
88.71667266287477,505055680.37927365
88.88024381744515,499212221.31519246
89.04381497201553,490136446.92502576
89.2073861265859,477911092.95640296
89.37095728115628,462666696.3284647
89.53452843572666,444596088.8431539
89.69809959029703,423945606.0983162
89.86167074486741,401008439.7398622
90.02524189943779,376132889.1630101
90.18881305400816,349714687.48218244
90.35238420857856,322197043.0060097
90.51595536314893,294066288.8529213
90.67952651771931,265840460.32999924
90.84309767228969,238057047.55994996
91.00666882686006,211267108.4337458
91.17023998143044,186011703.1402146
91.33381113600082,162805004.02763173
91.4973822905712,142112522.72327226
91.66095344514157,124337285.97723265
91.82452459971195,109793435.42610292
91.98809575428233,98693268.12873697
92.1516669088527,91141639.29278626
92.31523806342308,87105408.59573352
92.47880921799346,86429359.78117993
92.64238037256384,88825131.75663944
92.80595152713421,93881475.11919521
92.9695226817046,101090885.63381326
93.13309383627498,109869057.32363172
93.29666499084536,119584074.83072901
93.46023614541573,129601913.79484269
93.62380729998611,139330096.38825512
93.78737845455649,148274489.56281084
93.95094960912687,156084154.73581535
94.11452076369724,162581947.50837994
94.27809191826762,167814478.98451585
94.441663072838,172046144.6875419
94.60523422740837,175768388.87118998
94.76880538197875,179674017.32807502
94.93237653654913,184609989.6659355
95.0959476911195,191523224.7134534
95.25951884568988,201396519.85525572
95.42309000026026,215166454.749346
95.58666115483064,233643718.3159411
95.75023230940101,257454430.11149573
95.91380346397139,286985215.47711074
96.07737461854177,322328228.8409882
96.24094577311214,363280297.7872581
96.40451692768252,409325987.8965357
96.5680880822529,459665296.45790523
96.73165923682328,513249763.8400638
96.89523039139365,568843951.5647869
97.05880154596403,625084921.9688325
97.22237270053441,680560098.8876694
97.38594385510478,733883523.9254605
97.54951500967516,783775414.601399
97.71308616424555,829128787.7589847
97.87665731881593,869053598.9424913
98.0402284733863,902923240.6606537
98.20379962795668,930382102.4473525
98.36737078252706,951360897.9468911
98.53094193709744,966033118.1938126
98.69451309166782,974781237.3245857
98.85808424623819,978149311.5143409
99.02165540080857,976782685.8671825
99.18522655537895,971370043.5845228
99.34879770994932,962597067.2504221
99.51236886451971,951102680.9750488
99.67594001909009,937455027.169842
99.83951117366047,922145402.158817
100.00308232823085,905577664.9884777
100.16665348280122,888094811.312571
100.3302246373716,869993241.4712698
100.49379579194198,851545028.2813679
100.65736694651235,833021456.3381243
100.82093810108273,814700875.4614797
100.98450925565311,796885119.529326
101.14808041022349,779888211.8543465
101.31165156479386,764044069.5509744
101.47522271936424,749667416.4413636
101.63879387393462,737042041.9544008
101.802365028505,726405458.7168521
101.96593618307537,717910592.4476361
102.12950733764575,711611902.8014989
102.29307849221613,707465639.8067888
102.4566496467865,705307633.8255619
102.62022080135688,704865727.2193248
102.78379195592726,705775914.0253195
102.94736311049763,707606734.2562766
103.11093426506801,709885613.9500995
103.27450541963839,712122738.8005701
103.43807657420876,713850257.9382297
103.60164772877914,714646706.4035599
103.76521888334952,714157435.7475709
103.9287900379199,712111908.9117954
104.09236119249027,708322663.6824151
104.25593234706065,702678339.006488
104.41950350163103,695140229.5724132
104.5830746562014,685717173.8357735
104.7466458107718,674447014.5330852
104.91021696534217,661372112.1956899
105.07378811991255,646534175.2780336
105.23735927448293,629946476.643532
105.4009304290533,611609627.1507112
105.56450158362368,591507512.6030029
105.72807273819406,569622108.306765
105.89164389276444,545950853.8346691
106.05521504733481,520537834.29330194
106.21878620190519,493486609.9104568
106.38235735647557,464986313.26292217
106.54592851104596,435312435.37179166
106.70949966561633,404834424.4458413
106.87307082018671,374009395.7211226
107.03664197475709,343352216.3865686
107.20021312932747,313417012.12190217
107.36378428389784,284757350.9970643
107.52735543846822,257897136.95424345
107.6909265930386,233300816.4097868
107.85449774760897,211344245.53103444
108.01806890217935,192299930.93974924
108.18164005674973,176329792.9141488
108.3452112113201,163481902.5959764
108.50878236589048,153701483.257048
108.67235352046086,146848337.90251043
108.83592467503124,142710941.91888967
108.99949582960161,141025694.37936845
109.16306698417199,141498778.59289724
109.32663813874237,143820658.61631513
109.49020929331274,147684702.2273656
109.65378044788312,152800651.53455266
109.8173516024535,158909474.08691055
109.98092275702388,165782123.4537992
110.14449391159425,173237513.25480264
110.30806506616463,181138193.64892757
110.47163622073501,189396090.03492025
110.63520737530538,197973252.83738157
110.79877852987576,206872826.18891385
110.96234968444614,216139782.70357093
111.12592083901652,225851001.09152037
111.28949199358689,236100996.7347243
111.45306314815727,246992274.01262206
111.61663430272765,258614146.65965074
111.78020545729804,271028370.0152178
111.94377661186842,284251532.49349654
112.10734776643879,298242540.4739204
112.27091892100917,312883686.7430703
112.43449007557955,327982498.0621208
112.59806123014992,343266421.31816053
112.7616323847203,358391302.3352448
112.92520353929068,372957994.426732
113.08877469386105,386535139.09147334
113.25234584843143,398685554.3075385
113.41591700300181,408997744.68348736
113.5794881575722,417109963.4000892
113.74305931214258,422739335.2113563
113.90663046671295,425699777.47053266
114.07020162128333,425909821.11669934
114.23377277585371,423401611.90137094
114.39734393042409,418308421.064015
114.56091508499446,410857464.6413102
114.72448623956484,401351658.619664
114.88805739413522,390147772.3476772
115.0516285487056,377636705.624487
115.21519970327597,364227724.4944741
115.37877085784635,350321346.8857015
115.54234201241673,336303451.40912956
115.7059131669871,322526621.0106157
115.86948432155748,309305903.64579564
116.03305547612786,296907094.6730558
116.19662663069823,285539056.84115
116.36019778526861,275354243.7970478
116.52376893983899,266445362.9730871
116.68734009440936,258842302.78312466
116.85091124897974,252515702.55110356
117.01448240355012,247381886.9370783
117.1780535581205,243308600.49074748
117.34162471269087,240125589.3777419
117.50519586726125,237633742.3503109
117.66876702183163,235621773.97274518
117.832338176402,233878215.94626334
117.99590933097238,232210079.20806572
118.15948048554276,230447861.1234905
118.32305164011314,228463842.354596
118.48662279468351,226172362.65413424
118.6501939492539,223534480.75190338
118.81376510382428,220557388.90813828
118.97733625839466,217288360.17685044
119.14090741296503,213805156.4285983
119.30447856753541,210202037.59051248
119.46804972210579,206580070.95072296
119.63162087667617,203030424.6021155
119.79519203124654,199623863.55154118
119.95876318581692,196402346.83188802
120.1223343403873,193369885.7641419
120.28590549495767,190492475.68596134
120.44947664952807,187697431.19415268
120.61304780409844,184879106.34988847
120.77661895866882,181907877.11768496
120.9401901132392,178641033.02649522
121.10376126780957,174937084.85217878
121.26733242237995,170667050.36758012
121.43090357695033,165726374.87431684
121.5944747315207,160045406.5473372
121.75804588609108,153596500.49414587
121.92161704066146,146395873.98154986
122.08518819523184,138502761.33567098
122.24875934980221,130015666.72281656
122.41233050437259,121063284.60011771
122.57590165894297,111797905.74280128
122.73947281351334,102380775.44137453
122.90304396808372,92972962.75196
123.0666151226541,83726421.26644023
123.23018627722448,74775578.86636648
123.39375743179485,66233458.12672732
123.55732858636523,58186236.07547169
123.72089974093561,50696802.2377711
123.88447089550598,43804789.666933715
124.04804205007636,37529004.27091066
124.21161320464674,31870514.536136482
124.37518435921712,26818525.644995864
124.53875551378749,22351108.7192081
124.70232666835787,18439713.140479445
124.86589782292825,15049225.43891064
125.02946897749862,12141930.320442421
125.193040132069,9678244.639559738
125.35661128663938,7616227.184349288
125.52018244120976,5912914.826780368
125.68375359578015,4525943.6352927545
125.84732475035052,3413342.8041833495
126.0108959049209,2534849.1013246463
126.17446705949128,1852471.755929184
126.33803821406165,1331424.6651444647
126.50160936863203,940537.3073202821
126.66518052320241,652797.9963842737
126.82875167777279,444910.49169584055
126.99232283234316,297800.62619413855
127.15589398691354,195778.58849709178
127.31946514148392,126024.50765320993
127.48303629605431,79773.42357527794
127.64660745062469,49345.46090595426
127.81017860519505,29737.118097305385
127.97374975976543,17360.28898180933
128.13732091433582,9708.517299007533
128.3008920689062,5075.300930845482
128.46446322347657,2573.085041878955
128.62803437804695,1109.870094959561
128.79160553261733,400.20957574199724
128.9551766871877,0.0
